event_date,total_events,active_users
2020-11-01,31272,2365
2020-11-02,48388,3262
2020-11-03,61672,4648
2020-11-04,51866,3734
2020-11-05,51952,3272
2020-11-06,49004,2813
2020-11-07,34309,2004
2020-11-08,30137,1919
2020-11-09,44756,2805
2020-11-10,51195,3260
2020-11-11,51941,3296
2020-11-12,49166,3179
2020-11-13,50358,2860
2020-11-14,34039,2076
2020-11-15,31195,1957
2020-11-16,49320,3085
2020-11-17,59789,3449
2020-11-18,55456,3505
2020-11-19,53932,3566
2020-11-20,57894,3477
2020-11-21,41980,2755
2020-11-22,36446,2359
2020-11-23,52844,3421
2020-11-24,62971,3821
2020-11-25,64469,3988
2020-11-26,54681,3626
2020-11-27,54254,3512
2020-11-28,44643,3010
2020-11-29,42169,2887
2020-11-30,70614,3971
2020-12-01,71804,4308
2020-12-02,66832,4101
2020-12-03,71689,4464
2020-12-04,69393,4131
2020-12-05,49528,3082
2020-12-06,42828,2948
2020-12-07,71632,4709
2020-12-08,92199,6689
2020-12-09,82315,5531
2020-12-10,80855,5241
2020-12-11,75780,4948
2020-12-12,56146,3750
2020-12-13,46886,3402
2020-12-14,66082,4552
2020-12-15,72774,4992
2020-12-16,67497,4820
2020-12-17,63887,4711
2020-12-18,56742,4261
2020-12-19,37342,3236
2020-12-20,30071,2966
2020-12-21,42623,3627
2020-12-22,44519,3405
2020-12-23,40040,3123
2020-12-24,26139,2601
2020-12-25,21355,2491
2020-12-26,22121,2472
2020-12-27,22496,2493
2020-12-28,32576,3042
2020-12-29,33975,3124
2020-12-30,30062,2955
2020-12-31,24537,2444
2021-01-01,22096,2160
2021-01-02,23599,2581
2021-01-03,24743,2579
2021-01-04,31395,3079
2021-01-05,42827,4101
2021-01-06,56076,5486
2021-01-07,44473,4171
2021-01-08,41201,3803
2021-01-09,31630,2958
2021-01-10,27429,2772
2021-01-11,38144,3606
2021-01-12,48498,4195
2021-01-13,45541,4131
2021-01-14,45685,3909
2021-01-15,40405,3550
2021-01-16,30261,2892
2021-01-17,27064,2716
2021-01-18,32358,3226
2021-01-19,50474,3713
2021-01-20,64109,4222
2021-01-21,52686,4198
2021-01-22,49922,3605
2021-01-23,34322,2824
2021-01-24,31702,2701
2021-01-25,41718,3507
2021-01-26,42232,3586
2021-01-27,48665,4017
2021-01-28,43131,3735
2021-01-29,40877,3386
2021-01-30,30395,2610
2021-01-31,26489,2546
