country,users,events
United States,118493,1910483
India,25367,391859
Canada,20268,324261
United Kingdom,8527,133383
France,5381,82514
Spain,5044,81713
Germany,4866,71673
China,4620,76159
Taiwan,4568,72484
Italy,3750,61258
Singapore,3597,56869
Japan,3547,56676
South Korea,3424,51584
Netherlands,3042,50303
Turkey,2733,45168
Brazil,2696,42380
Australia,2453,39493
Indonesia,2408,35608
Poland,2368,37380
Mexico,2264,38655
(not set),2168,32208
Russia,1758,28709
Hong Kong,1652,26062
Ireland,1584,26666
Sweden,1490,23267
