item_name,units_sold,item_revenue
Google Zip Hoodie F/C,273,13788.0
Google Crewneck Sweatshirt Navy,236,10714.0
Google Men's Tech Fleece Grey,134,9965.0
Google Badge Heavyweight Pullover Black,201,9712.0
Super G Unisex Joggers,308,9529.0
Google Crewneck Sweatshirt Green,184,8382.0
Google Sherpa Zip Hoodie Charcoal,115,6397.0
Google Men's Puff Jacket Black,64,6187.0
Google Men's Tech Fleece Vest Charcoal,84,5549.0
Google Women's Puff Jacket Black,57,5313.0
Google Canteen Bottle Black,268,5303.0
Google Utility BackPack,53,5256.0
Android Iconic Crewneck Sweatshirt,113,5159.0
Google Sherpa Zip Hoodie Navy,87,4897.0
Google Black Cloud Zip Hoodie,83,4681.0
Google F/C Longsleeve Charcoal,180,4548.0
Google Crewneck Sweatshirt Grey,99,4499.0
Google Navy Speckled Tee,178,4440.0
Google Red Speckled Tee,177,4428.0
Google Campus Bike,131,4352.0
