item_name,item_category,buyers,units_sold,product_revenue
Google Zip Hoodie F/C,Apparel,217,271,13692.0
Google Men's Tech Fleece Grey,Apparel,90,134,9965.0
Google Badge Heavyweight Pullover Black,Apparel,149,198,9573.0
Super G Unisex Joggers,Shop by Brand,209,289,8947.0
Google Crewneck Sweatshirt Green,Apparel,146,178,8118.0
Google Crewneck Sweatshirt Navy,Uncategorized Items,116,136,6204.0
Google Men's Puff Jacket Black,Apparel,55,64,6187.0
Google Sherpa Zip Hoodie Charcoal,Apparel,91,107,5956.0
Google Men's Tech Fleece Vest Charcoal,Apparel,59,84,5549.0
Google Women's Puff Jacket Black,Apparel,45,57,5313.0
Google Canteen Bottle Black,Drinkware,114,268,5303.0
Google Utility BackPack,Bags,38,53,5256.0
Android Iconic Crewneck Sweatshirt,Apparel,86,111,5071.0
Google Sherpa Zip Hoodie Navy,Apparel,73,87,4897.0
Google Black Cloud Zip Hoodie,Apparel,46,83,4681.0
Google F/C Longsleeve Charcoal,Apparel,117,180,4548.0
Google Crewneck Sweatshirt Navy,Apparel,77,97,4356.0
Google Campus Bike,Accessories,96,131,4352.0
Google Navy Speckled Tee,Apparel,126,172,4296.0
Google Red Speckled Tee,Apparel,130,166,4152.0
Google Incognito Techpack V2,Bags,26,54,4053.0
Google F/C Longsleeve Ash,Apparel,120,148,3690.0
Google Crewneck Sweatshirt Grey,Uncategorized Items,64,80,3652.0
Google Cotopaxi Shell,Apparel,69,95,3650.0
Google Dino Game Tee,Apparel,82,106,3552.0
Google Perk Thermal Tumbler,Lifestyle,99,193,3236.0
Google NYC Campus Zip Hoodie,Campus Collection,65,97,3231.0
Google Camp Mug Ivory,Drinkware,177,298,3187.0
Google Heathered Pom Beanie,New,167,253,3132.0
Google Women's Grid Zip-Up,Apparel,49,60,3132.0
Google Unisex Eco Tee Black,Uncategorized Items,126,164,3118.0
Google Men's Softshell Moss,Apparel,30,34,2866.0
Google Raincoat Navy,Apparel,24,26,2664.0
Google Crew Socks,Apparel,127,183,2456.0
Google Thermal Tumbler Navy,Drinkware,74,158,2449.0
Google Speckled Beanie Navy,New,88,140,2384.0
Google Glass Bottle,Lifestyle,84,119,2244.0
Google Toddler FC Zip Hoodie,Apparel,71,79,2240.0
Google Woodtop Bottle Black,New,56,90,2202.0
Google Flat Front Bag Grey,Bags,59,89,2196.0
Google Women's Microfleece Jacket Black,Uncategorized Items,33,34,2130.0
Google Land & Sea Cotton Cap,Apparel,100,141,2072.0
Google Leather Strap Hat Blue,Apparel,113,140,2020.0
Google Crew Combed Cotton Sock,Apparel,81,138,1975.0
Noogler Android Figure,Accessories,96,141,1932.0
YouTube Icon Tee Charcoal,Apparel,83,92,1805.0
Google Metallic Notebook Set,Office,114,350,1797.0
Google KeepCup,New,42,63,1792.0
Google Chrome Dinosaur Collectible,Accessories,54,69,1740.0
Google Heather Green Speckled Tee,Apparel,64,75,1718.0
Google Sherpa Vest Black,Apparel,25,26,1718.0
Google Large Standard Journal Grey,Office,66,123,1657.0
Google Speckled Beanie Grey,New,64,101,1656.0
Google Incognito Zip Pack,Bags,25,25,1540.0
Google Packable Bag Black,Bags,50,90,1488.0
Google Seaport Tote,New,24,30,1464.0
Google Land & Sea Nalgene Water Bottle,Drinkware,52,70,1455.0
Android Pocket Tee Navy,Apparel,52,58,1448.0
Google Soft Modal Scarf,Apparel,33,37,1422.0
Womens Google Striped LS,Apparel,77,87,1420.0
Google Women's Tech Fleece Grey,Apparel,15,19,1403.0
Google Land & Sea French Terry Sweatshirt,Shop by Brand,28,30,1375.0
Google Large Tote White,Bags,74,128,1367.0
YouTube Icon Tee Grey,Apparel,58,69,1356.0
Google Crew Striped Athletic Sock,Apparel,55,93,1330.0
Google Clear Pen 4-Pack,Office,132,423,1310.0
Google Hemp Tote,Clearance,49,100,1296.0
Google Cork Base Tumbler,New,34,57,1281.0
Google SF Campus Zip Hoodie,Clearance,30,38,1272.0
Google Camp Mug Gray,Shop by Brand,81,121,1269.0
Google Blue Stojo Cup,Shop by Brand,37,59,1240.0
YouTube Twill Sandwich Cap Black,Apparel,84,107,1236.0
Gift Card- $100.00,Gift Cards,1,12,1200.0
Google Women's Tech Fleece Vest Charcoal,Apparel,22,26,1188.0
Google Super G Tumbler (Red Lid),Lifestyle,38,52,1178.0
Google Sunnyvale Campus Zip Hoodie,Campus Collection,27,36,1161.0
Google Black Cork Journal,New,72,113,1140.0
Google Toddler FC Tee Charcoal,Apparel,38,54,1100.0
Google Campus Bike Eco Tee Navy,Apparel,39,52,1085.0
Google Laptop and Cell Phone Stickers,Google,134,412,1084.0
Google Knit Blanket,Lifestyle,14,15,1069.0
Google Infant Charcoal Onesie,Apparel,45,51,1060.0
Google PNW Campus Zip Hoodie,Clearance,27,32,1052.0
YouTube Leather Strap Hat Black,Apparel,66,99,1036.0
Gift Card - $25.00,Gift Cards,5,41,1025.0
YouTube Crew Socks,Apparel,40,76,1022.0
Google Sunglasses,Uncategorized Items,68,320,1001.0
#IamRemarkable Unisex Hoodie,Apparel,28,37,995.0
Google Bear Baby Blanket Beige,Shop by Brand,33,52,989.0
Android Pocket Onesie Navy,Apparel,47,52,982.0
Google Utensil Set,New,35,75,975.0
Google Incognito Dopp Kit V2,Bags,15,25,965.0
Google Campus Bike Corkbase Mug Blue,Lifestyle,49,65,947.0
Google Campus Bike Mini Backpack,Lifestyle,18,28,944.0
Google Youth Hero Tee Grey,Apparel,33,47,944.0
Google Youth FC Tee Charcoal,Apparel,28,45,940.0
Google 24oz Ring Bottle Blue,Google,43,163,938.0
Google NYC Campus Mug,Campus Collection,88,134,933.0
Unisex Google Pocket Tee Grey,Apparel,45,53,912.0
Google Land & Sea Mug,Shop by Brand,36,63,906.0
Google Incognito Messenger Bag,Bags,12,14,900.0
Google Incognito Laptop Organizer,Bags,15,18,887.0
Google Split Seam Tee Olive,Apparel,31,41,881.0
Google Austin Campus Mug,Campus Collection,73,121,871.0
Google Women's Softshell Moss,Apparel,11,11,869.0
Google Land & Sea Journal Set,Google,42,68,855.0
Google Magnet,Accessories,95,131,841.0
Google Utility Bag Grey,Bags,59,129,835.0
Google Cup Cap Tumbler Grey,New,22,33,834.0
Google Summer19 Crew Grey,Apparel,20,23,829.0
Google Mountain View Campus Zip Hoodie,Campus Collection,20,25,818.0
Google Campus Bike Bottle,Lifestyle,32,36,811.0
#IamRemarkable Unisex T-Shirt,Apparel,47,80,807.0
YouTube Play Mug,Lifestyle,47,74,806.0
Google Youth FC Longsleeve Charcoal,Apparel,23,32,804.0
Google Seattle Campus Mug,Campus Collection,62,113,793.0
YouTube Standards Zip Hoodie Black,Apparel,15,15,792.0
Google Land & Sea Tote Bag,Bags,35,47,784.0
Google Campus Bike Grid Task Pad,Office,22,75,778.0
Google Austin Campus Zip Hoodie,Campus Collection,20,24,768.0
Google Beekeepers Tee Mint,Apparel,46,52,752.0
Daddy Works at Google Book,Small Goods,41,45,736.0
Google Leather Strap Hat Black,Apparel,32,50,721.0
Google Mural Socks,New,37,58,705.0
Google ApPeel Journal Red,New,22,45,697.0
Android Techie 3D Framed Art,Accessories,36,41,688.0
Google LA Campus Zip Hoodie,Clearance,19,20,677.0
Google Mural Sticky Note Pad,Office,46,59,675.0
Google Mural Mug,Drinkware,41,47,675.0
Google PNW Campus Mug,Campus Collection,55,96,674.0
Google Campus Bike Tote Navy,Bags,51,74,673.0
Stan and Friends Tee Green,Apparel,38,46,672.0
Google Chicago Campus Zip Hoodie,Campus Collection,16,20,668.0
Google Cambridge Campus Zip Hoodie,Campus Collection,16,20,667.0
Google LA Campus Unisex Tee,Clearance,34,45,650.0
Google PNW Campus Bottle,Campus Collection,8,58,649.0
Google Boulder Campus Zip Hoodie,Clearance,17,20,640.0
YouTube Transmission Journal Red,Office,18,46,636.0
#IamRemarkable Journal,Stationery,35,89,633.0
Google Crewneck Sweatshirt Grey,Clearance,12,14,627.0
Google Infant Hero Tee Olive,Apparel,38,43,618.0
Google Small Standard Journal Navy,Lifestyle,39,109,614.0
Google Keychain,New,66,93,609.0
Google 16 oz Tumbler Blue,Drinkware,17,54,595.0
Android Pocket Tee Green,Apparel,20,24,594.0
Essential Canvas Tote,New,16,23,591.0
Google See-No Hear-No Set,Electronics Accessories,40,57,579.0
Google Felt Refillable Journal,Clearance,26,35,577.0
Google Mural Bottle,Drinkware,24,30,576.0
Google Toddler Tee White,Apparel,27,29,571.0
Google Premium Sunglasses,Accessories,29,48,560.0
Android Iconic Mug Gray,New,30,38,556.0
Android Pocket Toddler Tee Navy,Apparel,27,30,556.0
White Google Shoreline Bottle,Shop by Brand,19,26,554.0
Google Super G Tumbler (Blue Lid),Lifestyle,19,24,552.0
Google Youth Badge Tee Olive,Apparel,30,40,545.0
#IamRemarkable Water Bottle,Drinkware,22,44,543.0
Android Iconic Notebook,New,8,39,538.0
Mural Food Container,Lifestyle,13,16,536.0
Google Emoji Sticker Pack,Accessories,49,121,528.0
Google Sunnyvale Campus Mug,Campus Collection,51,74,523.0
Android Garden Tee Orange,Apparel,26,31,520.0
Android Buoy Bottle,Drinkware,51,114,514.0
Google Pen White,Office,100,336,509.0
Google Bot,Accessories,37,62,508.0
Google SF Campus Bottle,Campus Collection,31,44,507.0
Android Iconic Glass Bottle Green,Clearance,16,37,503.0
Google Youth Hero Tee Maroon,Apparel,21,25,500.0
Android Super Hero 3D Framed Art,Accessories,27,31,500.0
Google Infant Hero Onesie Grey,Apparel,22,35,494.0
Google Chicago Campus Mug,Campus Collection,52,69,489.0
Google NYC Campus Bottle,Campus Collection,33,43,486.0
Google Mesh Bag Red,Bags,13,99,484.0
Google Tudes Recycled Tee,Apparel,19,19,480.0
Flamingo and Friends Tee Blue,Apparel,26,28,456.0
Supernatural Paper Backpack,Bags,5,9,450.0
Stan and Friends Toddler Tee Green,Apparel,23,31,446.0
Google Cork Passport Holder,Accessories,21,27,442.0
Google Sherpa Zip Hoodie Charcoal,,2,8,441.0
Google LoveHandle Black,New,30,53,440.0
YouTube 25 oz Gear Cap Bottle Black,Drinkware,16,19,438.0
Mommy Works at Google Book,Small Goods,25,26,436.0
Super G Unisex Joggers,Apparel,14,14,434.0
Google Mens Microfleece Jacket Black,Uncategorized Items,9,10,431.0
Google LA Campus Mug,Campus Collection,51,59,430.0
Android Iconic Socks,New,20,30,427.0
Android Iconic Backpack,New,7,21,425.0
Google Kirkland Campus Unisex Tee,Clearance,20,30,424.0
Google Youth Badge Tee Navy,Apparel,23,30,417.0
YouTube Jotter Task Pad,Shop by Brand,52,152,408.0
Google Mural Notebook,Office,18,27,404.0
Google NYC Campus Ladies Tee,Campus Collection,24,28,400.0
Google SF Campus Tote,Campus Collection,35,64,400.0
Google Bot (Multicolored),Lifestyle,35,48,398.0
Stan and Friends Onesie Green,Apparel,24,28,396.0
Android Iconic Hat White,New,23,29,394.0
YouTube Iconic Play Pin,New,27,55,381.0
Google Twill Cap Charcoal,Apparel,29,34,378.0
Google Emoji Magnet Set,Small Goods,35,44,376.0
Supernatural Paper Tote,Bags,13,16,376.0
Google Cork Card Holder,Accessories,24,27,376.0
Google Clear Framed Yellow Shades,Accessories,44,112,369.0
Google Small Standard Journal Navy,Notebooks & Journals,7,58,368.0
Google Cambridge Campus Mug,Campus Collection,44,51,368.0
Android Iconic Hat Green,New,24,26,365.0
Google Tee Yellow,Clearance,33,39,363.0
Google Toddler Hero Tee Olive,Apparel,15,19,361.0
Google Incognito Flap Pack,Bags,6,6,360.0
Google Beekeepers Onesie Pink,Apparel,20,25,354.0
Google Mountain View Campus Ladies Tee,Campus Collection,20,25,354.0
Google Land & Sea Cotton Cap,,4,26,353.0
Google Toddler Hero Tee Black,Apparel,21,26,348.0
Keyboard DOT Sticker,Office,59,198,340.0
Android SM S/F18 Sticker Sheet,Accessories,92,177,328.0
Google NYC Campus Zip Hoodie,,4,10,324.0
Android Pocket Youth Tee Navy,Apparel,11,15,320.0
Google Kirkland Campus Mug,Campus Collection,19,46,314.0
#IamRemarkable Ladies T-Shirt,Apparel,24,30,312.0
Google Mesh Bag Blue,Bags,32,61,312.0
Google Sunnyvale Campus Ladies Tee,Campus Collection,19,22,312.0
Google Lapel Pin,New,39,45,302.0
Google Recycled Writing Set,Clearance,47,86,295.0
Google Sustainable Pencil Pouch,Clearance,28,35,294.0
Google Austin Campus Tote,Campus Collection,17,42,286.0
Android Iconic Hat Black,Clearance,26,30,284.0
Google Light Pen Blue,Writing Instruments,82,155,283.0
Google Boulder Campus Mug,Campus Collection,32,39,283.0
Google Confetti Slim Task Pad,Office,23,81,282.0
Google Phone Stand Bamboo,Accessories,42,67,281.0
Google Red Speckled Tee,,5,11,276.0
Google SF Campus Ladies Tee,Clearance,14,19,274.0
Google Small Cable Organizer Blue,Accessories,20,112,273.0
Google Clear Framed Gray Shades,Accessories,39,87,273.0
Google Mini Kick Ball,Fun,36,158,270.0
Android Iconic Beanie,New,26,30,268.0
Google LA Campus Ladies Tee,Clearance,12,18,268.0
Youth Jumbo Print Tee White,Apparel,12,17,265.0
Google Chicago Campus Bottle,Campus Collection,14,23,264.0
Google Crewneck Sweatshirt Green,,3,6,264.0
Stan and Friends Youth Tee Green,Apparel,13,18,256.0
Google Beekeepers Toddler Tee Pink,Apparel,15,18,256.0
Google PNW Campus Unisex Tee,Clearance,17,18,256.0
Google Youth FC Zip Hoodie,Apparel,6,7,252.0
Gift Card - $50.00,Gift Cards,3,5,250.0
Google Shoreline Water Bottle,Shop by Brand,10,11,246.0
Google Women's Discovery Lt. Rain Shell,Apparel,5,5,245.0
Google Clear Framed Blue Shades,Accessories,49,76,242.0
Google Boulder Campus Unisex Tee,Clearance,16,17,242.0
Google 24 oz Ring Bottle Red,Google,26,40,238.0
Google Large Pet Leash (Red/Yellow),Accessories,7,8,238.0
Google Cloud Pen,Shop by Brand,39,94,236.0
Google Campus Bike Carry Pouch,Bags,23,36,236.0
Google Color Block Notebook,Stationery,16,23,234.0
Supernatural Paper Lunch Sack,Bags,12,12,233.0
Google Sunnyvale Campus Unisex Tee,Campus Collection,15,16,232.0
Google Light Pen Red,Writing Instruments,67,128,232.0
Google Chicago Campus Unisex Tee,Campus Collection,15,16,228.0
Android Large Removable Sticker Sheet,Accessories,48,130,228.0
Google Austin Campus Bottle,Campus Collection,14,20,227.0
Google Light Pen Green,Writing Instruments,61,125,226.0
Google Confetti Task Pad,Office,23,35,225.0
Google Laptop Sleeve Charcoal,Accessories,12,13,224.0
Google Medium Pet Leash (Blue/Green),Accessories,7,8,224.0
Snowflake Android Cardboard Sculpture,Accessories,23,27,224.0
Google Beekeepers Youth Tee Pink,Apparel,11,16,224.0
Google Men's Discovery Lt. Rain Shell,Uncategorized Items,3,4,222.0
Google Cork Pencil Pouch,New,21,32,221.0
Android Pocket Youth Tee Green,Apparel,10,10,220.0
Google Women's Pride Eco-Tee Black,Apparel,11,17,220.0
Google Crewneck Sweatshirt Grey,,3,5,220.0
Google SF Campus Unisex Tee,Clearance,15,15,218.0
Google Blue Kids Sunglasses,Accessories,36,50,215.0
Google Cork Journal,New,19,29,208.0
Google Tee Red,Clearance,21,22,208.0
Google Sunnyvale Campus Bottle,Campus Collection,13,18,208.0
Google Large Pet Leash (Blue/Green),Accessories,7,7,203.0
Google Land & Sea Women's Eco Tee,Apparel,10,10,200.0
Android Large Trace Journal Black,Notebooks & Journals,21,29,198.0
Google Decal,Stationery,62,287,196.0
Google Medium Pet Collar (Blue/Green),Accessories,6,7,196.0
Google Cambridge Campus Unisex Tee,Campus Collection,13,13,194.0
Maze Pen,Office,45,221,191.0
Google Chrome Dino Light Up Water Bottle,Shop by Brand,7,10,191.0
Android Lumberjack Pin,Accessories,26,44,190.0
Google Mural Sticker Sheet,Small Goods,66,82,189.0
Google Tee Grey,Uncategorized Items,15,20,182.0
Google Mouse Pad Navy,Accessories,25,43,177.0
Google Mural Tote,Bags,10,12,176.0
Google Aluminum Bottle Red,Shop by Brand,21,26,175.0
Google Recycled Pen Black,New,38,96,172.0
Google Cork Key Ring,Accessories,15,24,171.0
Google Felt Luggage Tag,Clearance,20,26,168.0
Google Chicago Campus Ladies Tee,Campus Collection,9,12,168.0
Google Large Pet Collar (Blue/Green),Accessories,6,6,168.0
Google Confetti Accessory Pouch,Bags,14,16,167.0
Google Tee Green,Clearance,17,18,164.0
Google Maps Pin,New,23,25,163.0
Google Tee Blue,Uncategorized Items,13,18,163.0
Google Boulder Campus Ladies Tee,Clearance,9,11,162.0
Google Totepak,New,7,8,162.0
Google Large White Gift Bag 5/PK,New,10,15,159.0
Google Red Kids Sunglasses,Accessories,23,38,157.0
Google Crewneck Sweatshirt Navy,,2,3,154.0
Super G Unisex Joggers,,2,5,148.0
Google Felt Strap Keyring,New,13,14,147.0
Google Large Pet Collar (Red/Yellow),Accessories,4,5,147.0
Google Mountain View Campus Unisex Tee,Campus Collection,7,10,144.0
Google Navy Speckled Tee,,3,6,144.0
Google NYC Campus Unisex Tee,Campus Collection,9,10,140.0
Google Women's Kirkland Pullover,Apparel,3,4,140.0
Google Medium Pet Collar (Red/Yellow),Accessories,5,5,140.0
Google Austin Campus Ladies Tee,Campus Collection,10,10,140.0
Google Badge Heavyweight Pullover Black,,1,3,139.0
Google Recycled Notebook Set Natural,Office,9,12,138.0
Google Pen Citron,Clearance,49,131,136.0
YouTube Small Sticker Sheet,Accessories,12,54,135.0
Android Small Trace Journal Black,Notebooks & Journals,12,24,129.0
Google Youth F/C Pullover Hoodie,Apparel,4,4,128.0
#IamRemarkable Pen,Writing Instruments,5,8,127.0
Google Kirkland Campus Ladies Tee,Clearance,8,9,126.0
Google Sherpa Vest Black,,2,2,126.0
Google Land & Sea Tech Taco,Shop by Brand,23,38,125.0
Google Yellow YoYo,New,18,36,125.0
Google Camp Mug Gray,,3,12,125.0
Google LA Campus Bottle,Campus Collection,11,11,124.0
Google Leather Strap Hat Blue,,4,8,122.0
Google Toddler FC Tee Charcoal,,1,6,120.0
Android Puzzlebot v2,Accessories,4,8,119.0
Google Blue YoYo,New,21,32,113.0
Google Pen Bright Blue,Stationery,46,76,113.0
Android Iconic Sticker Sheet,New,14,44,112.0
Google Toddler FC Zip Hoodie,,2,4,112.0
Google Women's Black Tee,Apparel,8,8,111.0
Google Cork Tablet Case,Accessories,6,6,110.0
Google Red YoYo,New,21,34,108.0
Google Cambridge Campus Ladies Tee,Campus Collection,6,7,106.0
Google Jotter Task Pad,Shop by Brand,11,38,106.0
Google LA Campus Tote,Campus Collection,15,17,106.0
Google Tee F/C Black,Uncategorized Items,6,7,106.0
Womens Google Striped LS,,3,6,105.0
Google Leather Strap Hat Black,,2,7,105.0
BLM Unisex Pullover Hoodie,Black Lives Matter,2,2,104.0
Google Austin Campus Unisex Tee,Campus Collection,7,7,102.0
Google NYC Campus Sticker,Campus Collection,42,95,100.0
Gift Card - $25.00,,1,4,100.0
Google Pen Lilac,Stationery,36,67,99.0
Android Iconic Pen,New,23,64,98.0
Google Pen Neon Coral,Stationery,32,60,96.0
Stainless Straight Straw/Cleaner,New,16,32,96.0
YouTube Standards Zip Hoodie Black,,1,2,96.0
Google Zip Hoodie F/C,,1,2,96.0
Google Heathered Pom Beanie,,4,8,96.0
Google Tudes Recycled Tee,,2,4,96.0
Google Pride Sticker,Shop by Brand,45,129,93.0
Android Hipster Pin,Accessories,9,19,93.0
Google Pen Red,Stationery,28,66,93.0
Google Seattle Campus Sticker,Campus Collection,26,84,92.0
Google PNW Campus Ladies Tee,Clearance,6,6,92.0
Android Pocket Tee Green,,2,4,92.0
Google Tee Mint Green,Apparel,6,6,92.0
Google LA Campus Sticker,Campus Collection,33,85,90.0
Google NYC Campus Lapel Pin,Campus Collection,24,28,89.0
Google Unisex Eco Tee Black,,2,5,88.0
Android Iconic Crewneck Sweatshirt,,1,2,88.0
#IamRemarkable Lapel Pin,Lifestyle,14,36,86.0
Google Cotopaxi Shell,,2,2,86.0
Google Seattle Campus Ladies Tee,Clearance,5,6,84.0
Noogler Android Figure,,2,6,84.0
Google Cloth & Pouch Black,Accessories,8,25,82.0
Google Campus Bike Eco Tee Navy,,2,4,80.0
Google Small White Gift Bag 5/PK,New,9,12,79.0
Android Iconic Pin,New,18,23,79.0
Google Cambridge Campus Bottle,Campus Collection,7,7,77.0
Google Striped Penny Pouch,Bags,14,33,76.0
Google Pen Grey,Office,28,52,76.0
Google Metallic Notebook Set,,3,15,73.0
Google Perk Thermal Tumbler,,2,4,72.0
Google Tudes Thermal Bottle,Drinkware,2,2,72.0
Google Chicago Campus Tote,Campus Collection,8,11,71.0
Android Geek Pin,Accessories,6,15,71.0
Android Pocket Tee Navy,,1,3,70.0
YouTube Crew Socks,,2,5,70.0
Google Pen Grass Green,Stationery,28,44,68.0
Google Sunnyvale Campus Tote,Campus Collection,7,11,67.0
Google Chicago Campus Mug,,3,10,67.0
Google Tonal Tee Coral,Uncategorized Items,6,7,67.0
Google Boulder Campus Bottle,Campus Collection,4,6,66.0
Google Clear Pen 4-Pack,,7,21,66.0
Google Tech Taco,New,12,20,65.0
Android Garden Tee Orange,,1,4,65.0
Google Campus Bike Bottle,,1,3,65.0
Keyboard DOT Sticker,,1,40,64.0
YouTube Play Mug,,3,6,63.0
YouTube Twill Sandwich Cap Black,,3,6,63.0
Google Youth FC Tee Charcoal,,2,3,60.0
Google PNW Campus Tote,Campus Collection,6,9,59.0
Google Cambridge Campus Sticker,Campus Collection,18,53,56.0
YouTube Women's Favorite Tee White,Uncategorized Items,5,6,56.0
Google Medium Pet Leash (Red/Yellow),Accessories,2,2,56.0
Android Iconic 4&quot; Decal,New,16,45,55.0
Google Confetti Pen White,Office,21,34,52.0
Google Crew Socks,,2,4,52.0
Google Frisbee,Shop by Brand,22,39,50.0
Android Jotter Task Pad,Shop by Brand,12,21,50.0
Google Keychain,,2,7,48.0
Google See-No Hear-No Set,,2,5,48.0
Google Chrome Dinosaur Collectible,,1,2,48.0
Google Land & Sea Journal Set,,2,4,48.0
Google Mural Bottle,,1,2,48.0
Google Color Block Notebook,,1,4,48.0
Google F/C Longsleeve Ash,,1,2,48.0
Google SF Campus Lapel Pin,Campus Collection,13,14,47.0
Google Boulder Campus Sticker,Campus Collection,19,45,47.0
Google Twill Cap Charcoal,,2,4,47.0
Stainless Bent Straw/Cleaner,Clearance,13,22,46.0
Google Sunnyvale Campus Unisex Tee,,2,3,46.0
#IamRemarkable Tote,Bags,6,7,46.0
Google NYC Campus Mug,,3,7,46.0
Google Super G Tumbler (Red Lid),,1,2,45.0
Google Recycled Pen Green,New,11,27,45.0
Google Austin Campus Bottle,,1,4,45.0
Android Iconic Hat Black,,2,5,45.0
Google Austin Campus Lapel Pin,Campus Collection,12,13,43.0
White Google Shoreline Bottle,,1,2,42.0
Google Seattle Campus Unisex Tee,Clearance,2,3,42.0
Google Boulder Campus Unisex Tee,,2,3,42.0
Google Blue Kids Sunglasses,,3,10,40.0
Google Dino Game Tee,,1,1,40.0
Google Speckled Beanie Navy,,1,2,40.0
Google Premium Sunglasses,,2,3,39.0
Google Youth Hero Tee Maroon,,1,2,38.0
Google Toddler Hero Tee Olive,,1,2,38.0
Supernatural Paper Lunch Sack,,1,2,38.0
Stainless Straight Straw/Cleaner,,4,13,37.0
Android Small Trace Journal Black,,2,7,37.0
Google Boulder Campus Tote,Campus Collection,6,6,36.0
Google LA Campus Lapel Pin,Campus Collection,11,11,36.0
Google Cambridge Campus Tote,Campus Collection,4,6,36.0
Google Tee Red,,1,4,35.0
Android Pocket Onesie Navy,,1,2,35.0
Google Women's Eco Tee Black,,1,2,35.0
Google Summer19 Crew Grey,Uncategorized Items,1,1,35.0
Google SF Campus Mug,Campus Collection,4,5,34.0
Google LA Campus Mug,,2,5,33.0
Google Bellevue Campus Sticker,Campus Collection,7,29,31.0
Google Women's Black Tee,,1,2,31.0
Google PNW Campus Mug,,2,4,30.0
YouTube Leather Strap Hat Black,,1,3,29.0
Google NYC Campus Ladies Tee,,1,2,28.0
Google Infant Hero Tee Olive,,1,2,28.0
Stan and Friends Youth Tee Green,,1,2,28.0
Google SF Campus Ladies Tee,,1,2,28.0
Google Sunnyvale Campus Ladies Tee,,1,2,28.0
Stan and Friends Tee Green,,1,2,28.0
Google Kirkland Campus Ladies Tee,,1,2,28.0
Google Tonal Tee Spearmint,Uncategorized Items,2,3,27.0
Google Cork Card Holder,,1,2,27.0
Google Sunnyvale Campus Sticker,Campus Collection,12,24,27.0
Google Toddler Hero Tee Black,,1,2,27.0
Google Crew Striped Athletic Sock,,1,2,27.0
Google Tee Blue,Clearance,3,3,27.0
Google Youth Badge Tee Navy,,1,2,27.0
Google Crew Combed Cotton Sock,,1,2,27.0
Google Mountain View Campus Sticker,Campus Collection,9,23,26.0
Android Iconic Hat Green,,1,2,26.0
Google Sunnyvale Campus Mug,,2,4,26.0
Google Kirkland Campus Sticker,Campus Collection,9,23,25.0
Google Phone Stand Bamboo,,3,6,24.0
Google Bottle Cleaner,New,3,3,24.0
Google PNW Campus Sticker,Campus Collection,9,23,24.0
Unisex Google Jumbo Print Tee White,Apparel,2,2,24.0
Google Mural Socks,,1,2,24.0
Android Iconic Bottle Black,New,1,1,24.0
Google Seattle Campus Lapel Pin,Campus Collection,7,7,23.0
Google Emoji Sticker Pack,,2,5,23.0
Google PNW Campus Bottle,,1,2,22.0
Google Chicago Campus Bottle,,1,2,22.0
Google PNW Campus Lapel Pin,Campus Collection,7,7,21.0
Google Camp Mug Ivory,,1,2,21.0
Google Infant Charcoal Onesie,,1,1,20.0
Google Black Cork Journal,,1,2,19.0
Android Large Trace Journal Black,,1,3,19.0
#IamRemarkable Ladies T-Shirt,,1,2,19.0
Google Chicago Campus Lapel Pin,Campus Collection,6,6,18.0
Google Tonal Tee Coral,,1,2,18.0
Android Pocket Onesie White,Apparel,1,1,18.0
Android Pocket Toddler Tee White,Apparel,1,1,18.0
Google Boulder Campus Lapel Pin,Campus Collection,4,5,17.0
Google Heather Green Speckled Tee,,1,1,17.0
Google Tech Taco,,1,5,16.0
Google Bot (Multicolored),,1,2,16.0
Google Bottle Cleaner,,1,2,16.0
Google Light Pen Red,,2,9,15.0
Google Cambridge Campus Lapel Pin,Campus Collection,5,5,15.0
Google Cloud Pen,,3,6,15.0
Android SM S/F18 Sticker Sheet,,4,9,14.0
Google Women's Ringer Tee,Apparel,1,1,14.0
Google Mountain View Tee Red,Apparel,1,1,14.0
Google Boulder Campus Unisex Tee,Campus Collection,1,1,14.0
Google Cork Pencil Pouch,,1,2,13.0
Google Chicago Campus Tote,,1,2,12.0
Google Tee F/C Black,Apparel,1,1,12.0
Google 24 oz Ring Bottle Red,,1,2,11.0
Google Boulder Campus Sticker,,2,10,11.0
Google Laptop and Cell Phone Stickers,,2,4,11.0
Google Utility Bag Grey,,1,2,11.0
Google Small Standard Journal Navy,,1,2,10.0
Google Mesh Bag Blue,,1,2,10.0
Google Tee Grey,Clearance,1,1,9.0
Android Buoy Bottle,,1,2,9.0
Candy Cane Android Cardboard Sculpture,Accessories,1,1,8.0
Google Pen Grey,,2,4,7.0
Google Chicago Campus Lapel Pin,,1,2,7.0
Google Pen Bright Blue,,2,4,7.0
Google Pen White,,2,4,7.0
Google Kirkland Campus Lapel Pin,Campus Collection,2,2,6.0
Google Clear Framed Yellow Shades,,1,2,6.0
Google Sunglasses,,1,2,6.0
Android Large Removable Sticker Sheet,,2,4,6.0
Google Separating Keyring,Accessories,1,1,6.0
YouTube Jotter Task Pad,,1,2,5.0
Google Striped Penny Pouch,,1,2,5.0
Google Mural Sticker Sheet,,1,2,5.0
#IamRemarkable Lapel Pin,,1,2,4.0
Android Flex Journal White,Office,1,2,4.0
Google Sunnyvale Campus Sticker,,1,4,4.0
Google Stylus Pen w/ LED Light,Office,1,1,4.0
Google Pen Citron,,1,4,4.0
Google Confetti Pen White,,1,2,4.0
Google Light Pen Blue,,1,2,3.0
Google Red YoYo,,1,1,3.0
Google Recycled Pen Black,,1,2,3.0
Google Mountain View Campus Sticker,,1,2,3.0
Maze Pen,,1,3,3.0
Android Iconic 4&quot; Decal,,1,2,2.0
Google LA Campus Sticker,,1,2,2.0
Google Seattle Campus Sticker,,1,2,2.0
Google Light Pen Yellow,Writing Instruments,1,1,2.0
Android Flex Journal White,Lifestyle,1,1,2.0
Google Decal,,1,2,1.0
(not set),(not set),397,0,0.0
