date,purchases,purchasing_users,revenue
2020-11-01,14,13,773.0
2020-11-02,49,39,4789.0
2020-11-03,49,46,3313.0
2020-11-04,46,30,2197.0
2020-11-05,26,26,1792.0
2020-11-06,58,48,3438.0
2020-11-07,31,28,2531.0
2020-11-08,32,31,3760.0
2020-11-09,52,40,2154.0
2020-11-10,64,64,4041.0
2020-11-11,64,63,4428.0
2020-11-12,54,51,3349.0
2020-11-13,79,66,5831.0
2020-11-14,30,29,2338.0
2020-11-15,21,21,1483.0
2020-11-16,69,68,5046.0
2020-11-17,98,85,6227.0
2020-11-18,68,49,4575.0
2020-11-19,84,44,5752.0
2020-11-20,118,64,8792.0
2020-11-21,68,35,4336.0
2020-11-22,60,29,3428.0
2020-11-23,141,62,8482.0
2020-11-24,147,96,10345.0
2020-11-25,108,84,8121.0
2020-11-26,57,54,4133.0
2020-11-27,97,89,6699.0
2020-11-28,78,73,6255.0
2020-11-29,51,48,3862.0
2020-11-30,141,126,11990.0
2020-12-01,107,98,6258.0
2020-12-02,82,74,5201.0
2020-12-03,90,86,4317.0
2020-12-04,96,85,6458.0
2020-12-05,87,76,6396.0
2020-12-06,42,40,2328.0
2020-12-07,110,89,8472.0
2020-12-08,122,110,8695.0
2020-12-09,150,126,10863.0
2020-12-10,143,126,10756.0
2020-12-11,160,145,10400.0
2020-12-12,106,99,6284.0
2020-12-13,74,62,4395.0
2020-12-14,99,84,8505.0
2020-12-15,139,115,9738.0
2020-12-16,143,115,11509.0
2020-12-17,126,88,6745.0
2020-12-18,107,79,6624.0
2020-12-19,52,40,2782.0
2020-12-20,20,19,1399.0
2020-12-21,53,48,3429.0
2020-12-22,60,56,3230.0
2020-12-23,67,53,4418.0
2020-12-24,23,22,1192.0
2020-12-25,17,17,552.0
2020-12-26,17,16,734.0
2020-12-27,20,20,1161.0
2020-12-28,36,32,2097.0
2020-12-29,24,22,1418.0
2020-12-30,37,21,1604.0
2020-12-31,25,22,2595.0
2021-01-01,14,12,975.0
2021-01-02,14,14,1026.0
2021-01-03,14,14,552.0
2021-01-04,16,16,834.0
2021-01-05,29,27,1143.0
2021-01-06,31,28,2000.0
2021-01-07,26,25,1452.0
2021-01-08,34,34,1699.0
2021-01-09,20,18,1363.0
2021-01-10,14,14,974.0
2021-01-11,28,26,1496.0
2021-01-12,48,43,2547.0
2021-01-13,36,34,1858.0
2021-01-14,54,47,3274.0
2021-01-15,47,38,2071.0
2021-01-16,27,23,1461.0
2021-01-17,14,14,481.0
2021-01-18,19,18,1223.0
2021-01-19,49,47,3756.0
2021-01-20,96,94,6706.0
2021-01-21,52,49,4206.0
2021-01-22,100,86,5552.0
2021-01-23,43,42,2747.0
2021-01-24,36,35,2408.0
2021-01-25,61,58,3353.0
2021-01-26,55,51,1259.0
2021-01-27,54,49,457.0
2021-01-28,69,56,128.0
2021-01-29,54,51,190.0
2021-01-30,31,28,159.0
2021-01-31,19,17,0.0
